solver,method,rep,n_rows,n_cols,margin,noise,tau_true,tau_raw,tau_projected,tau_error_raw,tau_error_projected,tau_shift,baseline_rmse_raw,baseline_rmse_projected,pattern,outcome_mode,baseline_projection,baseline_min_raw,baseline_min_projected,negative_fraction_raw,clipped_fraction,clipped_mass,max_clipped_magnitude
MCNNM,raw_vs_projected,0,12,12,0.05,0.05,-0.2,0.11552662056770203,0.11552662056770203,0.31552662056770203,0.31552662056770203,0.0,0.6439590784049749,0.6439590784049749,block,dense,clip_nonnegative,0.4080466292039907,0.4080466292039907,0.0,0.0,0.0,-0.0
MCNNM,raw_vs_projected,1,12,12,0.05,0.05,-0.2,-0.15215342775939564,-0.15215342775939564,0.047846572240604374,0.047846572240604374,0.0,0.4066631967080976,0.4066631967080976,block,dense,clip_nonnegative,0.44536086339872316,0.44536086339872316,0.0,0.0,0.0,-0.0
MCNNM,raw_vs_projected,0,12,12,0.05,0.05,-0.2,-0.11112596520055854,-0.12316746835754167,0.08887403479944148,0.07683253164245835,-0.01204150315698313,0.357520475973451,0.3555794637952568,block,intermittent,clip_nonnegative,-0.3217834418670654,0.0,0.0763888888888889,0.0763888888888889,1.142774199197083,0.3217834418670654
MCNNM,raw_vs_projected,1,12,12,0.05,0.05,-0.2,-0.6227266092137073,-0.6253509352033382,-0.42272660921370725,-0.42535093520333817,-0.0026243259896309157,0.348663159215477,0.34764755003209996,block,intermittent,clip_nonnegative,-0.14144479221742895,0.0,0.13194444444444445,0.13194444444444445,1.182026091261664,0.14144479221742895
MCNNM,raw_vs_projected,0,12,12,0.05,0.05,-0.2,0.002269000097532237,0.002269000097532237,0.20226900009753224,0.20226900009753224,0.0,0.31082446388921897,0.31082446388921897,sparse,dense,clip_nonnegative,0.40494870260798477,0.40494870260798477,0.0,0.0,0.0,-0.0
MCNNM,raw_vs_projected,1,12,12,0.05,0.05,-0.2,-0.2434686801718557,-0.2434686801718557,-0.04346868017185568,-0.04346868017185568,0.0,0.1786097377445129,0.1786097377445129,sparse,dense,clip_nonnegative,0.2884051848695979,0.2884051848695979,0.0,0.0,0.0,-0.0
MCNNM,raw_vs_projected,0,12,12,0.05,0.05,-0.2,-0.18100101761317944,-0.19861862815257336,0.018998982386820573,0.001381371847426649,-0.017617610539393924,0.20408353295083173,0.20053775914495364,sparse,intermittent,clip_nonnegative,-0.2517408097980469,0.0,0.09027777777777778,0.09027777777777778,1.274374658919372,0.2517408097980469
MCNNM,raw_vs_projected,1,12,12,0.05,0.05,-0.2,-0.09597727552701654,-0.11316891869948661,0.10402272447298347,0.0868310813005134,-0.017191643172470072,0.24532855250945895,0.24221739343937412,sparse,intermittent,clip_nonnegative,-0.22349136124211072,0.0,0.14583333333333334,0.14583333333333334,1.7649624969805164,0.22349136124211072
MCNNM,raw_vs_projected,0,12,12,0.05,0.05,-0.2,-0.21972801362330951,-0.21972801362330951,-0.019728013623309504,-0.019728013623309504,0.0,0.3244361836217516,0.3244361836217516,row,dense,clip_nonnegative,0.6721692644997264,0.6721692644997264,0.0,0.0,0.0,-0.0
MCNNM,raw_vs_projected,1,12,12,0.05,0.05,-0.2,-0.2825017949892128,-0.2825017949892128,-0.08250179498921278,-0.08250179498921278,0.0,0.24372014100442774,0.24372014100442774,row,dense,clip_nonnegative,0.43624459899881796,0.43624459899881796,0.0,0.0,0.0,-0.0
MCNNM,raw_vs_projected,0,12,12,0.05,0.05,-0.2,-0.5508180495954041,-0.6084222148432475,-0.35081804959540414,-0.40842221484324753,-0.0576041652478434,0.5819984297279235,0.5722050007866246,row,intermittent,clip_nonnegative,-0.6506693651560943,0.0,0.13194444444444445,0.13194444444444445,4.308547493776756,0.6506693651560943
MCNNM,raw_vs_projected,1,12,12,0.05,0.05,-0.2,-0.49202870012154687,-0.5439750558868854,-0.29202870012154686,-0.34397505588688543,-0.05194635576533857,0.3312939271159653,0.3219413152326653,row,intermittent,clip_nonnegative,-0.48581619866009473,0.0,0.1111111111111111,0.1111111111111111,3.1580194482308235,0.48581619866009473
MCNNM,raw_vs_projected,0,12,12,0.05,0.05,-0.2,-0.0885557643351052,-0.0885557643351052,0.11144423566489481,0.11144423566489481,0.0,0.4535720414070954,0.4535720414070954,staggered,dense,clip_nonnegative,0.3230106962068713,0.3230106962068713,0.0,0.0,0.0,-0.0
MCNNM,raw_vs_projected,1,12,12,0.05,0.05,-0.2,-0.7382270521185968,-0.7382270521185968,-0.5382270521185968,-0.5382270521185968,0.0,1.0207870590800643,1.0207870590800643,staggered,dense,clip_nonnegative,0.5063154583563416,0.5063154583563416,0.0,0.0,0.0,-0.0
MCNNM,raw_vs_projected,0,12,12,0.05,0.05,-0.2,-0.02894877530593223,-0.035631233357590414,0.17105122469406778,0.1643687666424096,-0.0066824580516581834,0.5672234514184498,0.5650850238445395,staggered,intermittent,clip_nonnegative,-0.28514383317092495,0.0,0.0763888888888889,0.0763888888888889,1.6334448516570528,0.28514383317092495
MCNNM,raw_vs_projected,1,12,12,0.05,0.05,-0.2,-0.5420164585247461,-0.5420164585247461,-0.3420164585247461,-0.3420164585247461,0.0,0.43961542092374367,0.4389768817426037,staggered,intermittent,clip_nonnegative,-0.18849009682700302,0.0,0.041666666666666664,0.041666666666666664,0.5612768387269648,0.18849009682700302
MCNNM,raw_vs_projected,0,12,12,0.05,0.05,0.2,-0.09397531382025674,-0.09397531382025674,-0.29397531382025677,-0.29397531382025677,0.0,0.3464577654541868,0.3464577654541868,block,dense,clip_nonnegative,0.9036929555907518,0.9036929555907518,0.0,0.0,0.0,-0.0
MCNNM,raw_vs_projected,1,12,12,0.05,0.05,0.2,-0.08495587332241246,-0.08495587332241246,-0.28495587332241246,-0.28495587332241246,0.0,0.4860911915202802,0.4860911915202802,block,dense,clip_nonnegative,0.27537640636053706,0.27537640636053706,0.0,0.0,0.0,-0.0
MCNNM,raw_vs_projected,0,12,12,0.05,0.05,0.2,0.12160088663341945,0.11856939371551453,-0.07839911336658056,-0.08143060628448548,-0.0030314929179049155,0.25150225354515277,0.24935606329201157,block,intermittent,clip_nonnegative,-0.22143385766349866,0.0,0.10416666666666667,0.10416666666666667,1.1003379541030742,0.22143385766349866
MCNNM,raw_vs_projected,1,12,12,0.05,0.05,0.2,0.5002903799921863,0.46350052549843773,0.3002903799921863,0.2635005254984377,-0.03678985449374855,0.5558863928329182,0.5456311740564461,block,intermittent,clip_nonnegative,-0.6294296304386212,0.0,0.10416666666666667,0.10416666666666667,2.700662995940242,0.6294296304386212
MCNNM,raw_vs_projected,0,12,12,0.05,0.05,0.2,0.30845034687855005,0.30845034687855005,0.10845034687855004,0.10845034687855004,0.0,0.3072984956510833,0.3072984956510833,sparse,dense,clip_nonnegative,0.5383890712010055,0.5383890712010055,0.0,0.0,0.0,-0.0
MCNNM,raw_vs_projected,1,12,12,0.05,0.05,0.2,0.2077268613182723,0.2077268613182723,0.007726861318272299,0.007726861318272299,0.0,0.19726207541312513,0.19726207541312513,sparse,dense,clip_nonnegative,0.4382764854792307,0.4382764854792307,0.0,0.0,0.0,-0.0
MCNNM,raw_vs_projected,0,12,12,0.05,0.05,0.2,0.07921662664230326,0.07743894777402596,-0.12078337335769675,-0.12256105222597405,-0.001777678868277302,0.2901173898483928,0.2868949038542254,sparse,intermittent,clip_nonnegative,-0.27674283046893783,0.0,0.0763888888888889,0.0763888888888889,1.4218140124529328,0.27674283046893783
MCNNM,raw_vs_projected,1,12,12,0.05,0.05,0.2,0.07835275834005972,0.05675526695952505,-0.12164724165994029,-0.14324473304047497,-0.021597491380534677,0.23642393756728725,0.23508521336133126,sparse,intermittent,clip_nonnegative,-0.18663778236325052,0.0,0.09722222222222222,0.09722222222222222,0.8862453199597583,0.18663778236325052
MCNNM,raw_vs_projected,0,12,12,0.05,0.05,0.2,0.20414719895859632,0.20414719895859632,0.004147198958596304,0.004147198958596304,0.0,0.18478100252410784,0.18478100252410784,row,dense,clip_nonnegative,0.27776010147117725,0.27776010147117725,0.0,0.0,0.0,-0.0
MCNNM,raw_vs_projected,1,12,12,0.05,0.05,0.2,0.22916567895969553,0.22916567895969553,0.029165678959695518,0.029165678959695518,0.0,0.5808484725209253,0.5808484725209253,row,dense,clip_nonnegative,0.46992718166189196,0.46992718166189196,0.0,0.0,0.0,-0.0
MCNNM,raw_vs_projected,0,12,12,0.05,0.05,0.2,0.20757411877627374,0.19927258131878386,0.0075741187762737305,-0.0007274186812161465,-0.008301537457489877,0.4421410483536952,0.4402531775356472,row,intermittent,clip_nonnegative,-0.21252497387381342,0.0,0.09722222222222222,0.09722222222222222,1.6803536798676093,0.21252497387381342
MCNNM,raw_vs_projected,1,12,12,0.05,0.05,0.2,-0.3295892053674566,-0.3295892053674566,-0.5295892053674567,-0.5295892053674567,0.0,0.4330826417789904,0.432820416188394,row,intermittent,clip_nonnegative,-0.10073076249745272,0.0,0.04861111111111111,0.04861111111111111,0.4330862862187301,0.10073076249745272
MCNNM,raw_vs_projected,0,12,12,0.05,0.05,0.2,0.3903945865590698,0.3903945865590698,0.19039458655906977,0.19039458655906977,0.0,0.7853747440373802,0.7853747440373802,staggered,dense,clip_nonnegative,0.25648243315120345,0.25648243315120345,0.0,0.0,0.0,-0.0
MCNNM,raw_vs_projected,1,12,12,0.05,0.05,0.2,0.037005726783499546,0.037005726783499546,-0.16299427321650045,-0.16299427321650045,0.0,0.42006228382779276,0.42006228382779276,staggered,dense,clip_nonnegative,0.1716206848548607,0.1716206848548607,0.0,0.0,0.0,-0.0
MCNNM,raw_vs_projected,0,12,12,0.05,0.05,0.2,0.2674902592676165,0.26525731496369787,0.06749025926761648,0.06525731496369785,-0.002232944303918627,0.5870648164911682,0.5860684942317453,staggered,intermittent,clip_nonnegative,-0.1977046312149315,0.0,0.09722222222222222,0.09722222222222222,0.8808635328110607,0.1977046312149315
MCNNM,raw_vs_projected,1,12,12,0.05,0.05,0.2,0.2723537412306167,0.2723537412306167,0.07235374123061666,0.07235374123061666,0.0,0.5055064876136837,0.5046093230664614,staggered,intermittent,clip_nonnegative,-0.23943794279496466,0.0,0.06944444444444445,0.06944444444444445,0.9113720777026184,0.23943794279496466
MCNNM,raw_vs_projected,0,12,12,0.05,0.2,-0.2,-0.33869572055168956,-0.33869572055168956,-0.13869572055168955,-0.13869572055168955,0.0,0.4319179233278361,0.4319179233278361,block,dense,clip_nonnegative,0.21682373142022726,0.21682373142022726,0.0,0.0,0.0,-0.0
MCNNM,raw_vs_projected,1,12,12,0.05,0.2,-0.2,-2.212852644958476,-2.212852644958476,-2.0128526449584756,-2.0128526449584756,0.0,1.263601552497287,1.263601552497287,block,dense,clip_nonnegative,0.44487401666622794,0.44487401666622794,0.0,0.0,0.0,-0.0
MCNNM,raw_vs_projected,0,12,12,0.05,0.2,-0.2,0.17974435413754422,0.1649790247646799,0.37974435413754426,0.3649790247646799,-0.014765329372864316,0.7135994353120496,0.709795166468629,block,intermittent,clip_nonnegative,-0.33028619377933605,0.0,0.09722222222222222,0.09722222222222222,2.012929731266869,0.33028619377933605
MCNNM,raw_vs_projected,1,12,12,0.05,0.2,-0.2,-0.4047090114133985,-0.41933336194119214,-0.20470901141339848,-0.21933336194119213,-0.01462435052779365,0.34736840865236035,0.3436422468166538,block,intermittent,clip_nonnegative,-0.23267193755342797,0.0,0.14583333333333334,0.14583333333333334,2.27698619142811,0.23267193755342797
MCNNM,raw_vs_projected,0,12,12,0.05,0.2,-0.2,-0.12186679996232025,-0.12186679996232025,0.07813320003767976,0.07813320003767976,0.0,0.26368922591155985,0.26368922591155985,sparse,dense,clip_nonnegative,0.5655181103684717,0.5655181103684717,0.0,0.0,0.0,-0.0
MCNNM,raw_vs_projected,1,12,12,0.05,0.2,-0.2,-0.14684154416532386,-0.14684154416532386,0.053158455834676155,0.053158455834676155,0.0,0.32498309324375035,0.32498309324375035,sparse,dense,clip_nonnegative,0.44220963273727465,0.44220963273727465,0.0,0.0,0.0,-0.0
MCNNM,raw_vs_projected,0,12,12,0.05,0.2,-0.2,-0.004571626453758748,-0.004571626453758748,0.19542837354624126,0.19542837354624126,0.0,0.3631289433977536,0.3619272018187267,sparse,intermittent,clip_nonnegative,-0.2217047514993295,0.0,0.0763888888888889,0.0763888888888889,0.9287411100390726,0.2217047514993295
MCNNM,raw_vs_projected,1,12,12,0.05,0.2,-0.2,-0.37562873345108616,-0.3888876066573237,-0.17562873345108615,-0.18888760665732368,-0.013258873206237531,0.2848111417175832,0.2798276845308401,sparse,intermittent,clip_nonnegative,-0.3045594028525941,0.0,0.13194444444444445,0.13194444444444445,2.219760152133651,0.3045594028525941
MCNNM,raw_vs_projected,0,12,12,0.05,0.2,-0.2,-0.5892593658477583,-0.5892593658477583,-0.3892593658477583,-0.3892593658477583,0.0,0.4044573954578796,0.4044573954578796,row,dense,clip_nonnegative,0.28447529488540235,0.28447529488540235,0.0,0.0,0.0,-0.0
MCNNM,raw_vs_projected,1,12,12,0.05,0.2,-0.2,-0.18756442987878186,-0.18756442987878186,0.012435570121218154,0.012435570121218154,0.0,0.32304160268970944,0.32304160268970944,row,dense,clip_nonnegative,0.30002267243963754,0.30002267243963754,0.0,0.0,0.0,-0.0
MCNNM,raw_vs_projected,0,12,12,0.05,0.2,-0.2,-0.3626093165722816,-0.3851540842820546,-0.16260931657228161,-0.1851540842820546,-0.022544767709772984,0.3925154723207852,0.3853895597909671,row,intermittent,clip_nonnegative,-0.44952011196896674,0.0,0.09027777777777778,0.09027777777777778,2.70868665723793,0.44952011196896674
MCNNM,raw_vs_projected,1,12,12,0.05,0.2,-0.2,-0.771835131045634,-0.771835131045634,-0.571835131045634,-0.571835131045634,0.0,0.6694083453634164,0.6676019831377658,row,intermittent,clip_nonnegative,-0.30277820148288553,0.0,0.10416666666666667,0.10416666666666667,1.7996148355792878,0.30277820148288553
MCNNM,raw_vs_projected,0,12,12,0.05,0.2,-0.2,-0.3316849029861465,-0.3316849029861465,-0.1316849029861465,-0.1316849029861465,0.0,0.5529307545677451,0.5529307545677451,staggered,dense,clip_nonnegative,1.6766058832703328,1.6766058832703328,0.0,0.0,0.0,-0.0
MCNNM,raw_vs_projected,1,12,12,0.05,0.2,-0.2,-0.02435522372314255,-0.02435522372314255,0.17564477627685746,0.17564477627685746,0.0,0.5980497061077558,0.5980497061077558,staggered,dense,clip_nonnegative,1.560075159413414,1.560075159413414,0.0,0.0,0.0,-0.0
MCNNM,raw_vs_projected,0,12,12,0.05,0.2,-0.2,-0.2471638785289844,-0.27038470235384887,-0.047163878528984376,-0.07038470235384886,-0.023220823824864484,0.4075475792678596,0.39446676976347106,staggered,intermittent,clip_nonnegative,-0.5424493421267995,0.0,0.1111111111111111,0.1111111111111111,2.9415185297992235,0.5424493421267995
MCNNM,raw_vs_projected,1,12,12,0.05,0.2,-0.2,-0.09827488832514034,-0.13163805158491115,0.10172511167485968,0.06836194841508886,-0.03336316325977082,0.5825779713812453,0.5741024078778217,staggered,intermittent,clip_nonnegative,-0.7131156754473303,0.0,0.09722222222222222,0.09722222222222222,2.082528862112557,0.7131156754473303
MCNNM,raw_vs_projected,0,12,12,0.05,0.2,0.2,0.09814234582970535,0.09814234582970535,-0.10185765417029466,-0.10185765417029466,0.0,0.3687071821529356,0.3687071821529356,block,dense,clip_nonnegative,0.3637227960100491,0.3637227960100491,0.0,0.0,0.0,-0.0
MCNNM,raw_vs_projected,1,12,12,0.05,0.2,0.2,0.22927156937649323,0.22927156937649323,0.029271569376493223,0.029271569376493223,0.0,0.48186320642082964,0.48186320642082964,block,dense,clip_nonnegative,0.7535111792106939,0.7535111792106939,0.0,0.0,0.0,-0.0
MCNNM,raw_vs_projected,0,12,12,0.05,0.2,0.2,0.6314254767325963,0.42097255717734317,0.4314254767325963,0.22097255717734315,-0.21045291955525314,0.5562482197301001,0.47437047844109415,block,intermittent,clip_nonnegative,-0.9119535505869879,0.0,0.2013888888888889,0.2013888888888889,9.263094501931645,0.9119535505869879
MCNNM,raw_vs_projected,1,12,12,0.05,0.2,0.2,0.3475697658495173,0.33665216107341667,0.1475697658495173,0.13665216107341666,-0.010917604776100653,0.6058864200472562,0.5968620061649478,block,intermittent,clip_nonnegative,-0.3087354207795654,0.0,0.09027777777777778,0.09027777777777778,1.6340938172191726,0.3087354207795654
MCNNM,raw_vs_projected,0,12,12,0.05,0.2,0.2,0.38656061306949707,0.38656061306949707,0.18656061306949706,0.18656061306949706,0.0,0.292256814490707,0.292256814490707,sparse,dense,clip_nonnegative,0.1864527360933299,0.1864527360933299,0.0,0.0,0.0,-0.0
MCNNM,raw_vs_projected,1,12,12,0.05,0.2,0.2,0.3379391391662173,0.3379391391662173,0.1379391391662173,0.1379391391662173,0.0,0.21646579814379516,0.21646579814379516,sparse,dense,clip_nonnegative,0.2985627603262362,0.2985627603262362,0.0,0.0,0.0,-0.0
MCNNM,raw_vs_projected,0,12,12,0.05,0.2,0.2,0.03904228044058638,0.01645027111134129,-0.16095771955941363,-0.18354972888865873,-0.02259200932924509,0.24599722561188692,0.24036756932843592,sparse,intermittent,clip_nonnegative,-0.35087470479485533,0.0,0.1527777777777778,0.1527777777777778,1.8809037655666958,0.35087470479485533
MCNNM,raw_vs_projected,1,12,12,0.05,0.2,0.2,0.27791039340786733,0.27205635692970004,0.07791039340786732,0.07205635692970003,-0.0058540364781672904,0.31856995860029813,0.31585561345202856,sparse,intermittent,clip_nonnegative,-0.3217265877176243,0.0,0.06944444444444445,0.06944444444444445,1.2340055857509487,0.3217265877176243
MCNNM,raw_vs_projected,0,12,12,0.05,0.2,0.2,0.4078768554131304,0.4078768554131304,0.2078768554131304,0.2078768554131304,0.0,0.3403324139436278,0.34030573255108093,row,dense,clip_nonnegative,-0.021519883906047532,0.0,0.006944444444444444,0.006944444444444444,0.021519883906047532,0.021519883906047532
MCNNM,raw_vs_projected,1,12,12,0.05,0.2,0.2,0.31923300759792533,0.31923300759792533,0.11923300759792532,0.11923300759792532,0.0,0.8422218565153473,0.8422218565153473,row,dense,clip_nonnegative,1.5800315754236007,1.5800315754236007,0.0,0.0,0.0,-0.0
MCNNM,raw_vs_projected,0,12,12,0.05,0.2,0.2,0.16180872748806793,0.14895759847166198,-0.03819127251193208,-0.05104240152833803,-0.012851129016405949,0.4029487224851711,0.39552464899262385,row,intermittent,clip_nonnegative,-0.4254365113065064,0.0,0.11805555555555555,0.11805555555555555,3.2452208861495566,0.4254365113065064
MCNNM,raw_vs_projected,1,12,12,0.05,0.2,0.2,0.27690205081000463,0.2731170250277877,0.07690205081000462,0.07311702502778766,-0.0037850257822169553,0.3545821038612932,0.3542330879026721,row,intermittent,clip_nonnegative,-0.1113501309081083,0.0,0.06944444444444445,0.06944444444444445,0.4577891547712273,0.1113501309081083
MCNNM,raw_vs_projected,0,12,12,0.05,0.2,0.2,0.08836716211134538,0.08836716211134538,-0.11163283788865463,-0.11163283788865463,0.0,0.3018723200284074,0.3018723200284074,staggered,dense,clip_nonnegative,0.4484315926738578,0.4484315926738578,0.0,0.0,0.0,-0.0
MCNNM,raw_vs_projected,1,12,12,0.05,0.2,0.2,0.4745122423566514,0.4745122423566514,0.2745122423566514,0.2745122423566514,0.0,0.6512389038283543,0.6512389038283543,staggered,dense,clip_nonnegative,0.5718432665958897,0.5718432665958897,0.0,0.0,0.0,-0.0
MCNNM,raw_vs_projected,0,12,12,0.05,0.2,0.2,0.45928612700776394,0.43752164798713294,0.25928612700776393,0.23752164798713293,-0.021764479020631,0.6470165422347759,0.6425485787972698,staggered,intermittent,clip_nonnegative,-0.37215076785843676,0.0,0.125,0.125,2.2740074392581686,0.37215076785843676
MCNNM,raw_vs_projected,1,12,12,0.05,0.2,0.2,0.28198570002711115,0.2566702673264282,0.08198570002711114,0.056670267326428214,-0.025315432700682927,0.4847298575037319,0.47587653688897824,staggered,intermittent,clip_nonnegative,-0.48916503439729553,0.0,0.0763888888888889,0.0763888888888889,1.758147023523988,0.48916503439729553
MCNNM,raw_vs_projected,0,12,12,1.0,0.05,-0.2,-0.13413362215397784,-0.13413362215397784,0.06586637784602217,0.06586637784602217,0.0,0.3977851243384339,0.3977851243384339,block,dense,clip_nonnegative,1.2140139782142292,1.2140139782142292,0.0,0.0,0.0,-0.0
MCNNM,raw_vs_projected,1,12,12,1.0,0.05,-0.2,-0.19987112952582897,-0.19987112952582897,0.00012887047417103892,0.00012887047417103892,0.0,0.5072889928177406,0.5072889928177406,block,dense,clip_nonnegative,1.371063179772086,1.371063179772086,0.0,0.0,0.0,-0.0
MCNNM,raw_vs_projected,0,12,12,1.0,0.05,-0.2,-0.1481290242353491,-0.16881135311111709,0.05187097576465091,0.031188646888882926,-0.020682328875767986,0.28278113911516356,0.27560047913867614,block,intermittent,clip_nonnegative,-0.4295956376889362,0.0,0.14583333333333334,0.14583333333333334,2.323707161811334,0.4295956376889362
MCNNM,raw_vs_projected,1,12,12,1.0,0.05,-0.2,-0.08185397897610132,-0.08447346254432853,0.11814602102389869,0.11552653745567149,-0.002619483568227207,0.44506049960527067,0.4406624089568277,block,intermittent,clip_nonnegative,-0.43109276344912273,0.0,0.1111111111111111,0.1111111111111111,2.1810778913833477,0.43109276344912273
MCNNM,raw_vs_projected,0,12,12,1.0,0.05,-0.2,-0.15892249253935378,-0.15892249253935378,0.04107750746064623,0.04107750746064623,0.0,0.14631022233170737,0.14631022233170737,sparse,dense,clip_nonnegative,1.2155553684319202,1.2155553684319202,0.0,0.0,0.0,-0.0
MCNNM,raw_vs_projected,1,12,12,1.0,0.05,-0.2,-0.37347090658480403,-0.37347090658480403,-0.17347090658480402,-0.17347090658480402,0.0,0.27333720859246224,0.27333720859246224,sparse,dense,clip_nonnegative,1.6218381027771338,1.6218381027771338,0.0,0.0,0.0,-0.0
MCNNM,raw_vs_projected,0,12,12,1.0,0.05,-0.2,-0.17913510382868147,-0.18453421563194983,0.020864896171318537,0.015465784368050184,-0.005399111803268353,0.24556150380285127,0.24251892761190977,sparse,intermittent,clip_nonnegative,-0.19494763372639154,0.0,0.1388888888888889,0.1388888888888889,1.800527864214171,0.19494763372639154
MCNNM,raw_vs_projected,1,12,12,1.0,0.05,-0.2,-0.14141060283192258,-0.14141060283192258,0.05858939716807743,0.05858939716807743,0.0,0.279072350187006,0.27524314352926094,sparse,intermittent,clip_nonnegative,-0.3229337185696583,0.0,0.1111111111111111,0.1111111111111111,1.7958864739594556,0.3229337185696583
MCNNM,raw_vs_projected,0,12,12,1.0,0.05,-0.2,-0.2296451959702353,-0.2296451959702353,-0.029645195970235294,-0.029645195970235294,0.0,0.20319927255728082,0.20319927255728082,row,dense,clip_nonnegative,1.230081550599817,1.230081550599817,0.0,0.0,0.0,-0.0
MCNNM,raw_vs_projected,1,12,12,1.0,0.05,-0.2,-0.08339605898913074,-0.08339605898913074,0.11660394101086927,0.11660394101086927,0.0,0.26338810513638283,0.26338810513638283,row,dense,clip_nonnegative,1.4562491525387529,1.4562491525387529,0.0,0.0,0.0,-0.0
MCNNM,raw_vs_projected,0,12,12,1.0,0.05,-0.2,0.044735708930360704,0.027755251578343205,0.24473570893036073,0.22775525157834323,-0.0169804573520175,0.44257606236663444,0.44020001321134467,row,intermittent,clip_nonnegative,-0.23220344176799035,0.0,0.10416666666666667,0.10416666666666667,1.1493387385469456,0.23220344176799035
MCNNM,raw_vs_projected,1,12,12,1.0,0.05,-0.2,-0.6678579864146711,-0.6689167551516244,-0.4678579864146711,-0.4689167551516244,-0.0010587687369533194,0.44206056147391387,0.44107094919461537,row,intermittent,clip_nonnegative,-0.28055598824030714,0.0,0.0763888888888889,0.0763888888888889,0.7860918571771723,0.28055598824030714
MCNNM,raw_vs_projected,0,12,12,1.0,0.05,-0.2,-0.10658351743220702,-0.10658351743220702,0.09341648256779299,0.09341648256779299,0.0,0.8820190682678725,0.8820190682678725,staggered,dense,clip_nonnegative,1.7781938756966849,1.7781938756966849,0.0,0.0,0.0,-0.0
MCNNM,raw_vs_projected,1,12,12,1.0,0.05,-0.2,-0.011798055074340353,-0.011798055074340353,0.18820194492565967,0.18820194492565967,0.0,0.31801563683712736,0.31801563683712736,staggered,dense,clip_nonnegative,1.4491197107740676,1.4491197107740676,0.0,0.0,0.0,-0.0
MCNNM,raw_vs_projected,0,12,12,1.0,0.05,-0.2,0.053533636086007565,0.047509520792768,0.2535336360860076,0.247509520792768,-0.006024115293239568,0.9358795245473701,0.9316883191787538,staggered,intermittent,clip_nonnegative,-0.24698872702282168,0.0,0.06944444444444445,0.06944444444444445,1.2243572213539309,0.24698872702282168
MCNNM,raw_vs_projected,1,12,12,1.0,0.05,-0.2,-0.16486476665372035,-0.18096083673952176,0.03513523334627966,0.019039163260478248,-0.01609607008580141,0.48509002535177925,0.4819613393969035,staggered,intermittent,clip_nonnegative,-0.5244679681225239,0.0,0.09722222222222222,0.09722222222222222,1.6927070415672854,0.5244679681225239
MCNNM,raw_vs_projected,0,12,12,1.0,0.05,0.2,0.26850292185232305,0.26850292185232305,0.06850292185232304,0.06850292185232304,0.0,0.4080709164162813,0.4080709164162813,block,dense,clip_nonnegative,1.4344483464434403,1.4344483464434403,0.0,0.0,0.0,-0.0
MCNNM,raw_vs_projected,1,12,12,1.0,0.05,0.2,0.23148484719322437,0.23148484719322437,0.03148484719322436,0.03148484719322436,0.0,0.34985449800140084,0.34985449800140084,block,dense,clip_nonnegative,1.174624052429726,1.174624052429726,0.0,0.0,0.0,-0.0
MCNNM,raw_vs_projected,0,12,12,1.0,0.05,0.2,1.054202989324163,1.0539057253282291,0.8542029893241629,0.8539057253282292,-0.00029726399593377195,1.0697143610946955,1.0693369010827896,block,intermittent,clip_nonnegative,-0.16727532446170973,0.0,0.041666666666666664,0.041666666666666664,0.3009027473611286,0.16727532446170973
MCNNM,raw_vs_projected,1,12,12,1.0,0.05,0.2,0.23989629637554458,0.21550957653028846,0.039896296375544565,0.01550957653028845,-0.024386719845256116,0.243137931657226,0.23958082803736774,block,intermittent,clip_nonnegative,-0.40744291489815465,0.0,0.0763888888888889,0.0763888888888889,1.0269394221313568,0.40744291489815465
MCNNM,raw_vs_projected,0,12,12,1.0,0.05,0.2,0.21211363555906998,0.21211363555906998,0.012113635559069968,0.012113635559069968,0.0,0.26352401273806,0.26352401273806,sparse,dense,clip_nonnegative,1.540920879885742,1.540920879885742,0.0,0.0,0.0,-0.0
MCNNM,raw_vs_projected,1,12,12,1.0,0.05,0.2,0.08388224159827334,0.08388224159827334,-0.11611775840172667,-0.11611775840172667,0.0,0.18665908924961566,0.18665908924961566,sparse,dense,clip_nonnegative,1.3591412874471924,1.3591412874471924,0.0,0.0,0.0,-0.0
MCNNM,raw_vs_projected,0,12,12,1.0,0.05,0.2,0.15264886088161325,0.14994682257623765,-0.04735113911838676,-0.05005317742376236,-0.0027020383053756036,0.21791151150746396,0.21648944137222503,sparse,intermittent,clip_nonnegative,-0.23279553227696154,0.0,0.08333333333333333,0.08333333333333333,0.7440643549549442,0.23279553227696154
MCNNM,raw_vs_projected,1,12,12,1.0,0.05,0.2,0.1355819580428963,0.1158364369751989,-0.06441804195710371,-0.08416356302480112,-0.019745521067697405,0.20198151266944941,0.19398919247063126,sparse,intermittent,clip_nonnegative,-0.29395354549003666,0.0,0.11805555555555555,0.11805555555555555,1.6654363636433136,0.29395354549003666
MCNNM,raw_vs_projected,0,12,12,1.0,0.05,0.2,0.4174808771956901,0.4174808771956901,0.2174808771956901,0.2174808771956901,0.0,0.762189009965824,0.762189009965824,row,dense,clip_nonnegative,2.9175561717162974,2.9175561717162974,0.0,0.0,0.0,-0.0
MCNNM,raw_vs_projected,1,12,12,1.0,0.05,0.2,0.03879140698081748,0.03879140698081748,-0.16120859301918253,-0.16120859301918253,0.0,0.2500149948869431,0.2500149948869431,row,dense,clip_nonnegative,1.3772962442857648,1.3772962442857648,0.0,0.0,0.0,-0.0
MCNNM,raw_vs_projected,0,12,12,1.0,0.05,0.2,0.1489633913540483,0.132235729176531,-0.05103660864595172,-0.067764270823469,-0.016727662177517283,0.4201977212193594,0.41680548323832883,row,intermittent,clip_nonnegative,-0.3092457558874622,0.0,0.08333333333333333,0.08333333333333333,1.7143620528089736,0.3092457558874622
MCNNM,raw_vs_projected,1,12,12,1.0,0.05,0.2,0.6785475277506126,0.6499503829103938,0.47854752775061254,0.44995038291039374,-0.028597144840218802,0.8520093577200606,0.8491591653423155,row,intermittent,clip_nonnegative,-0.3897588379311135,0.0,0.1111111111111111,0.1111111111111111,2.609825674133,0.3897588379311135
MCNNM,raw_vs_projected,0,12,12,1.0,0.05,0.2,0.27383374684474987,0.27383374684474987,0.07383374684474986,0.07383374684474986,0.0,0.38573279772227764,0.38573279772227764,staggered,dense,clip_nonnegative,1.434959873780734,1.434959873780734,0.0,0.0,0.0,-0.0
MCNNM,raw_vs_projected,1,12,12,1.0,0.05,0.2,0.17830552622050827,0.17830552622050827,-0.02169447377949174,-0.02169447377949174,0.0,0.48242263098829996,0.48242263098829996,staggered,dense,clip_nonnegative,1.3620396505694023,1.3620396505694023,0.0,0.0,0.0,-0.0
MCNNM,raw_vs_projected,0,12,12,1.0,0.05,0.2,0.34679148423316486,0.3465193474377658,0.14679148423316485,0.1465193474377658,-0.00027213679539905833,0.5875037008195058,0.5859811515509817,staggered,intermittent,clip_nonnegative,-0.3362414678377672,0.0,0.08333333333333333,0.08333333333333333,1.261864670876804,0.3362414678377672
MCNNM,raw_vs_projected,1,12,12,1.0,0.05,0.2,0.15461954496613675,0.15461954496613675,-0.04538045503386326,-0.04538045503386326,0.0,0.4293214535425383,0.4282454184079042,staggered,intermittent,clip_nonnegative,-0.21721582489329672,0.0,0.05555555555555555,0.05555555555555555,0.8688766454902287,0.21721582489329672
MCNNM,raw_vs_projected,0,12,12,1.0,0.2,-0.2,-0.043342468637050775,-0.043342468637050775,0.15665753136294924,0.15665753136294924,0.0,0.34947575658503643,0.34947575658503643,block,dense,clip_nonnegative,1.0730575805267268,1.0730575805267268,0.0,0.0,0.0,-0.0
MCNNM,raw_vs_projected,1,12,12,1.0,0.2,-0.2,-0.20851902982902415,-0.20851902982902415,-0.008519029829024138,-0.008519029829024138,0.0,0.2740471339273119,0.2740471339273119,block,dense,clip_nonnegative,1.4688920588355074,1.4688920588355074,0.0,0.0,0.0,-0.0
MCNNM,raw_vs_projected,0,12,12,1.0,0.2,-0.2,-0.2520612882418038,-0.25952029109567093,-0.05206128824180378,-0.05952029109567092,-0.007459002853867136,0.4156831459863258,0.4135347464207498,block,intermittent,clip_nonnegative,-0.26852410273921645,0.0,0.08333333333333333,0.08333333333333333,1.2332718444541517,0.26852410273921645
MCNNM,raw_vs_projected,1,12,12,1.0,0.2,-0.2,0.8857285779118782,0.7159872417380028,1.0857285779118782,0.9159872417380028,-0.16974133617387543,0.7342679575849173,0.6593779380677864,block,intermittent,clip_nonnegative,-0.773634026235869,0.0,0.2013888888888889,0.2013888888888889,8.419247416516084,0.773634026235869
MCNNM,raw_vs_projected,0,12,12,1.0,0.2,-0.2,-0.17005284643106242,-0.17005284643106242,0.029947153568937596,0.029947153568937596,0.0,0.27073951742121344,0.27073951742121344,sparse,dense,clip_nonnegative,1.1066348215557753,1.1066348215557753,0.0,0.0,0.0,-0.0
MCNNM,raw_vs_projected,1,12,12,1.0,0.2,-0.2,-0.046827952878833914,-0.046827952878833914,0.1531720471211661,0.1531720471211661,0.0,0.20872377376568374,0.20872377376568374,sparse,dense,clip_nonnegative,1.3890292072545405,1.3890292072545405,0.0,0.0,0.0,-0.0
MCNNM,raw_vs_projected,0,12,12,1.0,0.2,-0.2,-0.2432250408123659,-0.2902907861129376,-0.04322504081236589,-0.09029078611293762,-0.047065745300571726,0.2391971326956285,0.23049935393436272,sparse,intermittent,clip_nonnegative,-0.3319262974317875,0.0,0.125,0.125,2.7093693329008794,0.3319262974317875
MCNNM,raw_vs_projected,1,12,12,1.0,0.2,-0.2,-0.2459012710576447,-0.25912659903295243,-0.04590127105764469,-0.05912659903295242,-0.013225327975307732,0.26848487214537986,0.2642193101147783,sparse,intermittent,clip_nonnegative,-0.39074829116237086,0.0,0.06944444444444445,0.06944444444444445,1.464244584877206,0.39074829116237086
MCNNM,raw_vs_projected,0,12,12,1.0,0.2,-0.2,0.10690399236504515,0.10690399236504515,0.3069039923650452,0.3069039923650452,0.0,0.5353939568424605,0.5353939568424605,row,dense,clip_nonnegative,1.2835532385754518,1.2835532385754518,0.0,0.0,0.0,-0.0
MCNNM,raw_vs_projected,1,12,12,1.0,0.2,-0.2,0.1632063492072112,0.1632063492072112,0.3632063492072112,0.3632063492072112,0.0,0.7741100234410618,0.7741100234410618,row,dense,clip_nonnegative,1.19077233544379,1.19077233544379,0.0,0.0,0.0,-0.0
MCNNM,raw_vs_projected,0,12,12,1.0,0.2,-0.2,-0.8886455789101023,-0.8886455789101023,-0.6886455789101023,-0.6886455789101023,0.0,0.5859567565195152,0.5850910486242671,row,intermittent,clip_nonnegative,-0.1813263132230527,0.0,0.0763888888888889,0.0763888888888889,1.1790349696016416,0.1813263132230527
MCNNM,raw_vs_projected,1,12,12,1.0,0.2,-0.2,-0.6158523890295934,-0.6158523890295934,-0.4158523890295934,-0.4158523890295934,0.0,0.5403661443079462,0.5372432182384252,row,intermittent,clip_nonnegative,-0.24249399370735944,0.0,0.11805555555555555,0.11805555555555555,2.6241811623495135,0.24249399370735944
MCNNM,raw_vs_projected,0,12,12,1.0,0.2,-0.2,-0.5761172074389641,-0.5761172074389641,-0.3761172074389641,-0.3761172074389641,0.0,0.6181894074726798,0.6181894074726798,staggered,dense,clip_nonnegative,1.6334835647683001,1.6334835647683001,0.0,0.0,0.0,-0.0
MCNNM,raw_vs_projected,1,12,12,1.0,0.2,-0.2,-0.19255256036800278,-0.19255256036800278,0.0074474396319972325,0.0074474396319972325,0.0,0.4084085176615252,0.4084085176615252,staggered,dense,clip_nonnegative,0.8256048601906696,0.8256048601906696,0.0,0.0,0.0,-0.0
MCNNM,raw_vs_projected,0,12,12,1.0,0.2,-0.2,-0.04107409788665999,-0.04710672483513157,0.15892590211334,0.15289327516486845,-0.006032626948471578,0.39185012238166217,0.38817878917298393,staggered,intermittent,clip_nonnegative,-0.3390707650644198,0.0,0.1111111111111111,0.1111111111111111,1.9258680515104156,0.3390707650644198
MCNNM,raw_vs_projected,1,12,12,1.0,0.2,-0.2,-0.27851718883180365,-0.28477020394600255,-0.07851718883180364,-0.08477020394600254,-0.006253015114198901,0.5412197804762696,0.5369505773467179,staggered,intermittent,clip_nonnegative,-0.3284887693504851,0.0,0.1111111111111111,0.1111111111111111,1.7688905366653602,0.3284887693504851
MCNNM,raw_vs_projected,0,12,12,1.0,0.2,0.2,0.048925439919563406,0.048925439919563406,-0.1510745600804366,-0.1510745600804366,0.0,0.305738240402348,0.305738240402348,block,dense,clip_nonnegative,1.67267686987423,1.67267686987423,0.0,0.0,0.0,-0.0
MCNNM,raw_vs_projected,1,12,12,1.0,0.2,0.2,-0.08821374440727708,-0.08821374440727708,-0.2882137444072771,-0.2882137444072771,0.0,0.3349598587758841,0.3349598587758841,block,dense,clip_nonnegative,1.8502052682205923,1.8502052682205923,0.0,0.0,0.0,-0.0
MCNNM,raw_vs_projected,0,12,12,1.0,0.2,0.2,0.42998361258075324,0.3720935948764731,0.22998361258075323,0.17209359487647308,-0.05789001770428015,0.5215967770730872,0.505770977242604,block,intermittent,clip_nonnegative,-0.3997898518213313,0.0,0.16666666666666666,0.16666666666666666,3.2631608472107105,0.3997898518213313
MCNNM,raw_vs_projected,1,12,12,1.0,0.2,0.2,-0.03733105727487987,-0.06088696511656655,-0.23733105727487988,-0.26088696511656656,-0.02355590784168668,0.3993327612773782,0.3928496576397207,block,intermittent,clip_nonnegative,-0.296849769375833,0.0,0.16666666666666666,0.16666666666666666,3.618048099007543,0.296849769375833
MCNNM,raw_vs_projected,0,12,12,1.0,0.2,0.2,0.17805386736570078,0.17805386736570078,-0.02194613263429923,-0.02194613263429923,0.0,0.2441476914481728,0.2441476914481728,sparse,dense,clip_nonnegative,1.7237035094833724,1.7237035094833724,0.0,0.0,0.0,-0.0
MCNNM,raw_vs_projected,1,12,12,1.0,0.2,0.2,0.320481967847406,0.320481967847406,0.120481967847406,0.120481967847406,0.0,0.1850608232428757,0.1850608232428757,sparse,dense,clip_nonnegative,1.2368434099412073,1.2368434099412073,0.0,0.0,0.0,-0.0
MCNNM,raw_vs_projected,0,12,12,1.0,0.2,0.2,0.332886832639271,0.29960039531277066,0.13288683263927098,0.09960039531277065,-0.03328643732650033,0.38103839621429775,0.37309617145156454,sparse,intermittent,clip_nonnegative,-0.39940380954114024,0.0,0.18055555555555555,0.18055555555555555,3.7198778004916644,0.39940380954114024
MCNNM,raw_vs_projected,1,12,12,1.0,0.2,0.2,0.32985365257073035,0.31551187537227743,0.12985365257073034,0.11551187537227742,-0.01434177719845292,0.24078350922918507,0.23302459041969192,sparse,intermittent,clip_nonnegative,-0.3666523846277888,0.0,0.13194444444444445,0.13194444444444445,2.4026929122960348,0.3666523846277888
MCNNM,raw_vs_projected,0,12,12,1.0,0.2,0.2,0.3118064464646426,0.3118064464646426,0.1118064464646426,0.1118064464646426,0.0,0.3881708306172068,0.3881708306172068,row,dense,clip_nonnegative,1.4360476580990242,1.4360476580990242,0.0,0.0,0.0,-0.0
MCNNM,raw_vs_projected,1,12,12,1.0,0.2,0.2,0.34234337367074275,0.34234337367074275,0.14234337367074273,0.14234337367074273,0.0,0.3624265985149797,0.3624265985149797,row,dense,clip_nonnegative,1.2859968884622244,1.2859968884622244,0.0,0.0,0.0,-0.0
MCNNM,raw_vs_projected,0,12,12,1.0,0.2,0.2,0.10322720602317648,0.10322720602317648,-0.09677279397682353,-0.09677279397682353,0.0,0.564803394635452,0.5632417422298679,row,intermittent,clip_nonnegative,-0.44438414985689284,0.0,0.05555555555555555,0.05555555555555555,0.87643378872178,0.44438414985689284
MCNNM,raw_vs_projected,1,12,12,1.0,0.2,0.2,0.361548894027367,0.3513732648398882,0.161548894027367,0.15137326483988817,-0.01017562918747883,0.41140190989861153,0.41009475852281463,row,intermittent,clip_nonnegative,-0.2266938899057236,0.0,0.04861111111111111,0.04861111111111111,0.9476810446345947,0.2266938899057236
MCNNM,raw_vs_projected,0,12,12,1.0,0.2,0.2,0.5495366119696677,0.5495366119696677,0.34953661196966773,0.34953661196966773,0.0,0.7354196567013432,0.7354196567013432,staggered,dense,clip_nonnegative,1.3764502396979719,1.3764502396979719,0.0,0.0,0.0,-0.0
MCNNM,raw_vs_projected,1,12,12,1.0,0.2,0.2,-0.12191625640902792,-0.12191625640902792,-0.32191625640902793,-0.32191625640902793,0.0,0.6722810806928375,0.6722810806928375,staggered,dense,clip_nonnegative,1.1674685120624337,1.1674685120624337,0.0,0.0,0.0,-0.0
MCNNM,raw_vs_projected,0,12,12,1.0,0.2,0.2,0.23536783985630733,0.2281186856758295,0.035367839856307315,0.02811868567582948,-0.007249154180477835,0.5816129985400494,0.5735076136385728,staggered,intermittent,clip_nonnegative,-0.5451612892572711,0.0,0.125,0.125,3.0159495287710456,0.5451612892572711
MCNNM,raw_vs_projected,1,12,12,1.0,0.2,0.2,0.3174315085935342,0.2917963645758771,0.11743150859353418,0.09179636457587709,-0.025635144017657097,0.44452663766775846,0.43648211407843046,staggered,intermittent,clip_nonnegative,-0.3810635371738111,0.0,0.1736111111111111,0.1736111111111111,4.035135250570322,0.3810635371738111
MCNNM,raw_vs_projected,0,20,20,0.05,0.05,-0.2,-0.17644122264629034,-0.17644122264629034,0.023558777353709676,0.023558777353709676,0.0,0.20501524272651667,0.20501524272651667,block,dense,clip_nonnegative,0.3785098544575276,0.3785098544575276,0.0,0.0,0.0,-0.0
MCNNM,raw_vs_projected,1,20,20,0.05,0.05,-0.2,-0.25039280372215594,-0.25039280372215594,-0.05039280372215593,-0.05039280372215593,0.0,0.22682849223307164,0.22682849223307164,block,dense,clip_nonnegative,0.37509560330579905,0.37509560330579905,0.0,0.0,0.0,-0.0
MCNNM,raw_vs_projected,0,20,20,0.05,0.05,-0.2,-0.3524846995977882,-0.36067251652647686,-0.1524846995977882,-0.16067251652647685,-0.00818781692868864,0.4281569886075768,0.424854942345495,block,intermittent,clip_nonnegative,-0.3875903334651106,0.0,0.105,0.105,4.347686824620855,0.3875903334651106
MCNNM,raw_vs_projected,1,20,20,0.05,0.05,-0.2,-0.13399896887649082,-0.1405454403085964,0.06600103112350919,0.05945455969140362,-0.006546471432105572,0.20056455238088383,0.1971583271776864,block,intermittent,clip_nonnegative,-0.3217897257925335,0.0,0.1175,0.1175,3.727124504568385,0.3217897257925335
MCNNM,raw_vs_projected,0,20,20,0.05,0.05,-0.2,-0.2035178947387719,-0.2035178947387719,-0.0035178947387718984,-0.0035178947387718984,0.0,0.15832834970609044,0.15832834970609044,sparse,dense,clip_nonnegative,0.3264697178282878,0.3264697178282878,0.0,0.0,0.0,-0.0
MCNNM,raw_vs_projected,1,20,20,0.05,0.05,-0.2,-0.22921077287226324,-0.22921077287226324,-0.02921077287226323,-0.02921077287226323,0.0,0.12618314616415272,0.12618314616415272,sparse,dense,clip_nonnegative,0.36224243525883093,0.36224243525883093,0.0,0.0,0.0,-0.0
MCNNM,raw_vs_projected,0,20,20,0.05,0.05,-0.2,-0.24003928047919657,-0.2558407862876826,-0.040039280479196554,-0.055840786287682576,-0.01580150580848602,0.17826268567611656,0.17322054463189837,sparse,intermittent,clip_nonnegative,-0.34306956191127363,0.0,0.13,0.13,4.601794539329301,0.34306956191127363
MCNNM,raw_vs_projected,1,20,20,0.05,0.05,-0.2,-0.2112451782430414,-0.22647219673284055,-0.011245178243041387,-0.02647219673284054,-0.015227018489799155,0.18943356608866585,0.1837658353390394,sparse,intermittent,clip_nonnegative,-0.3632133098613167,0.0,0.13,0.13,5.325902638056554,0.3632133098613167
MCNNM,raw_vs_projected,0,20,20,0.05,0.05,-0.2,-0.23352137383741778,-0.23352137383741778,-0.03352137383741777,-0.03352137383741777,0.0,0.30307533515614843,0.30307533515614843,row,dense,clip_nonnegative,0.5385664680825641,0.5385664680825641,0.0,0.0,0.0,-0.0
MCNNM,raw_vs_projected,1,20,20,0.05,0.05,-0.2,-0.12103705486444988,-0.12103705486444988,0.07896294513555013,0.07896294513555013,0.0,0.25111833508633363,0.25111833508633363,row,dense,clip_nonnegative,0.3735123242669198,0.3735123242669198,0.0,0.0,0.0,-0.0
MCNNM,raw_vs_projected,0,20,20,0.05,0.05,-0.2,-0.17328482516798313,-0.20451878492358652,0.02671517483201688,-0.004518784923586511,-0.03123395975560339,0.1976832239317869,0.1838444014506451,row,intermittent,clip_nonnegative,-0.6353722174636205,0.0,0.1425,0.1425,7.147369343089403,0.6353722174636205
MCNNM,raw_vs_projected,1,20,20,0.05,0.05,-0.2,-0.1968346577502961,-0.2073268744902556,0.003165342249703912,-0.007326874490255597,-0.010492216739959509,0.23757421794833347,0.23318373778030632,row,intermittent,clip_nonnegative,-0.3734645622497589,0.0,0.12,0.12,5.282588156962091,0.3734645622497589
MCNNM,raw_vs_projected,0,20,20,0.05,0.05,-0.2,-0.33428070724422465,-0.33428070724422465,-0.13428070724422464,-0.13428070724422464,0.0,0.3000727608004724,0.3000727608004724,staggered,dense,clip_nonnegative,0.39583826498529007,0.39583826498529007,0.0,0.0,0.0,-0.0
MCNNM,raw_vs_projected,1,20,20,0.05,0.05,-0.2,-0.1704092430965213,-0.1704092430965213,0.029590756903478704,0.029590756903478704,0.0,0.2669559242623715,0.2669559242623715,staggered,dense,clip_nonnegative,0.35924330333426746,0.35924330333426746,0.0,0.0,0.0,-0.0
MCNNM,raw_vs_projected,0,20,20,0.05,0.05,-0.2,-0.09616937227044241,-0.11218395465790044,0.1038306277295576,0.08781604534209957,-0.016014582387458037,0.42518911885367316,0.42275743138893473,staggered,intermittent,clip_nonnegative,-0.3582314159563722,0.0,0.11,0.11,4.24163172949231,0.3582314159563722
MCNNM,raw_vs_projected,1,20,20,0.05,0.05,-0.2,-0.08547443875090423,-0.10248330876471709,0.11452556124909578,0.09751669123528292,-0.017008870013812863,0.4863575934178055,0.48418420396892714,staggered,intermittent,clip_nonnegative,-0.3083048738623586,0.0,0.125,0.125,5.052555701806475,0.3083048738623586
MCNNM,raw_vs_projected,0,20,20,0.05,0.05,0.2,0.17356127394039664,0.17356127394039664,-0.026438726059603374,-0.026438726059603374,0.0,0.30771301723967426,0.30771301723967426,block,dense,clip_nonnegative,1.16034266656299,1.16034266656299,0.0,0.0,0.0,-0.0
MCNNM,raw_vs_projected,1,20,20,0.05,0.05,0.2,0.17107325489495373,0.17107325489495373,-0.02892674510504628,-0.02892674510504628,0.0,0.25357362452960247,0.25357362452960247,block,dense,clip_nonnegative,0.4316586331562835,0.4316586331562835,0.0,0.0,0.0,-0.0
MCNNM,raw_vs_projected,0,20,20,0.05,0.05,0.2,0.1683396386491205,0.1583518123379854,-0.03166036135087952,-0.04164818766201461,-0.009987826311135095,0.27968517807651055,0.27462185464995803,block,intermittent,clip_nonnegative,-0.4270413498230555,0.0,0.095,0.095,5.250683272424025,0.4270413498230555
MCNNM,raw_vs_projected,1,20,20,0.05,0.05,0.2,0.2200633436314833,0.2022623484376456,0.020063343631483294,0.002262348437645584,-0.01780099519383771,0.367983724289658,0.3627474591476193,block,intermittent,clip_nonnegative,-0.5746273618434797,0.0,0.11,0.11,5.139400240225508,0.5746273618434797
MCNNM,raw_vs_projected,0,20,20,0.05,0.05,0.2,0.16260070970394636,0.16260070970394636,-0.037399290296053656,-0.037399290296053656,0.0,0.09743560809705971,0.09743560809705971,sparse,dense,clip_nonnegative,0.3116571537799171,0.3116571537799171,0.0,0.0,0.0,-0.0
MCNNM,raw_vs_projected,1,20,20,0.05,0.05,0.2,0.1938915199375492,0.1938915199375492,-0.006108480062450822,-0.006108480062450822,0.0,0.09978913902185627,0.09978913902185627,sparse,dense,clip_nonnegative,0.24559817494954617,0.24559817494954617,0.0,0.0,0.0,-0.0
MCNNM,raw_vs_projected,0,20,20,0.05,0.05,0.2,0.18424320017630036,0.17239356800421682,-0.015756799823699652,-0.027606431995783193,-0.01184963217208354,0.23302674632090947,0.22908518488537954,sparse,intermittent,clip_nonnegative,-0.28766714767207174,0.0,0.13,0.13,4.675442508216672,0.28766714767207174
MCNNM,raw_vs_projected,1,20,20,0.05,0.05,0.2,0.1470530314557387,0.1156699293657191,-0.052946968544261314,-0.08433007063428091,-0.0313831020900196,0.2551526448264053,0.24646448284064237,sparse,intermittent,clip_nonnegative,-0.5939729698959775,0.0,0.125,0.125,6.977763961597063,0.5939729698959775
MCNNM,raw_vs_projected,0,20,20,0.05,0.05,0.2,0.5676856120373873,0.5676856120373873,0.3676856120373873,0.3676856120373873,0.0,0.3958166943961811,0.3958166943961811,row,dense,clip_nonnegative,0.3456059193680385,0.3456059193680385,0.0,0.0,0.0,-0.0
MCNNM,raw_vs_projected,1,20,20,0.05,0.05,0.2,0.18919250632990178,0.18919250632990178,-0.010807493670098228,-0.010807493670098228,0.0,0.17229168186631835,0.17229168186631835,row,dense,clip_nonnegative,0.4774675690478176,0.4774675690478176,0.0,0.0,0.0,-0.0
MCNNM,raw_vs_projected,0,20,20,0.05,0.05,0.2,0.12909825936160726,0.12867015463026615,-0.07090174063839275,-0.07132984536973386,-0.00042810473134111127,0.2943986234361449,0.29140341264700187,row,intermittent,clip_nonnegative,-0.3550860746415788,0.0,0.095,0.095,4.239283145904454,0.3550860746415788
MCNNM,raw_vs_projected,1,20,20,0.05,0.05,0.2,0.25786400770357587,0.23071044471842256,0.05786400770357586,0.030710444718422547,-0.027153562985153312,0.32221023689837325,0.31642007697535895,row,intermittent,clip_nonnegative,-0.4466014210104925,0.0,0.1275,0.1275,6.236750918725291,0.4466014210104925
MCNNM,raw_vs_projected,0,20,20,0.05,0.05,0.2,0.23352729157397598,0.23352729157397598,0.033527291573975965,0.033527291573975965,0.0,0.2428207039389125,0.2428207039389125,staggered,dense,clip_nonnegative,0.28326950445903387,0.28326950445903387,0.0,0.0,0.0,-0.0
MCNNM,raw_vs_projected,1,20,20,0.05,0.05,0.2,0.1034066932928582,0.1034066932928582,-0.09659330670714181,-0.09659330670714181,0.0,0.6865194959190994,0.6865194959190994,staggered,dense,clip_nonnegative,3.554092817869553,3.554092817869553,0.0,0.0,0.0,-0.0
MCNNM,raw_vs_projected,0,20,20,0.05,0.05,0.2,-0.048119912546518165,-0.05449331037683315,-0.24811991254651816,-0.25449331037683315,-0.006373397830314986,0.41063183045327933,0.40778177836705976,staggered,intermittent,clip_nonnegative,-0.43219650787839703,0.0,0.0975,0.0975,4.8297207441667425,0.43219650787839703
MCNNM,raw_vs_projected,1,20,20,0.05,0.05,0.2,0.2743836249018254,0.25002321392495824,0.07438362490182537,0.05002321392495823,-0.024360410976867142,0.3215872111976609,0.3152156292816149,staggered,intermittent,clip_nonnegative,-0.3745049780553538,0.0,0.1375,0.1375,6.659330386737575,0.3745049780553538
MCNNM,raw_vs_projected,0,20,20,0.05,0.2,-0.2,-0.33303903436079124,-0.33303903436079124,-0.13303903436079123,-0.13303903436079123,0.0,0.29957105846572296,0.29957105846572296,block,dense,clip_nonnegative,0.19155114274006202,0.19155114274006202,0.0,0.0,0.0,-0.0
MCNNM,raw_vs_projected,1,20,20,0.05,0.2,-0.2,-0.3153512304421742,-0.3153512304421742,-0.11535123044217421,-0.11535123044217421,0.0,0.5161749796514224,0.5161749796514224,block,dense,clip_nonnegative,0.4527909429983006,0.4527909429983006,0.0,0.0,0.0,-0.0
MCNNM,raw_vs_projected,0,20,20,0.05,0.2,-0.2,-0.2570646066421774,-0.2682411946677092,-0.057064606642177385,-0.06824119466770917,-0.011176588025531786,0.29600891335793933,0.28936805180806,block,intermittent,clip_nonnegative,-0.4877976736857801,0.0,0.1475,0.1475,7.442192961914458,0.4877976736857801
MCNNM,raw_vs_projected,1,20,20,0.05,0.2,-0.2,-0.24624846101517786,-0.25749688663982306,-0.04624846101517785,-0.05749688663982305,-0.011248425624645203,0.4075151560983011,0.4023178724593403,block,intermittent,clip_nonnegative,-0.5082277067789679,0.0,0.125,0.125,6.980831784184606,0.5082277067789679
MCNNM,raw_vs_projected,0,20,20,0.05,0.2,-0.2,-0.19775630478064343,-0.19775630478064343,0.0022436952193565785,0.0022436952193565785,0.0,0.1561417936499477,0.1561417936499477,sparse,dense,clip_nonnegative,0.29793681415832785,0.29793681415832785,0.0,0.0,0.0,-0.0
MCNNM,raw_vs_projected,1,20,20,0.05,0.2,-0.2,-0.1877280155667422,-0.1877280155667422,0.012271984433257804,0.012271984433257804,0.0,0.14401230778037363,0.14401230778037363,sparse,dense,clip_nonnegative,0.29457240703389864,0.29457240703389864,0.0,0.0,0.0,-0.0
MCNNM,raw_vs_projected,0,20,20,0.05,0.2,-0.2,-0.16820016393318654,-0.22523951349816462,0.03179983606681347,-0.025239513498164612,-0.05703934956497808,0.2047631216450865,0.19013883864571568,sparse,intermittent,clip_nonnegative,-0.5779362152013782,0.0,0.155,0.155,9.42156930004347,0.5779362152013782
MCNNM,raw_vs_projected,1,20,20,0.05,0.2,-0.2,-0.1823518993242679,-0.2008376143139168,0.01764810067573211,-0.0008376143139167957,-0.018485714989648905,0.23850395161078822,0.22891855996231514,sparse,intermittent,clip_nonnegative,-0.43507541275777134,0.0,0.1425,0.1425,7.98338703096611,0.43507541275777134
MCNNM,raw_vs_projected,0,20,20,0.05,0.2,-0.2,-0.22203398715866796,-0.22203398715866796,-0.022033987158667945,-0.022033987158667945,0.0,0.8310140786075543,0.8310140786075543,row,dense,clip_nonnegative,2.75530957659946,2.75530957659946,0.0,0.0,0.0,-0.0
MCNNM,raw_vs_projected,1,20,20,0.05,0.2,-0.2,-0.2318098636282276,-0.2318098636282276,-0.0318098636282276,-0.0318098636282276,0.0,0.49393069172749415,0.49393069172749415,row,dense,clip_nonnegative,1.2512000602779558,1.2512000602779558,0.0,0.0,0.0,-0.0
MCNNM,raw_vs_projected,0,20,20,0.05,0.2,-0.2,-0.2880133737349296,-0.28960663141704257,-0.08801337373492957,-0.08960663141704256,-0.0015932576821129918,0.32059008523615684,0.317727971347455,row,intermittent,clip_nonnegative,-0.2798213548230673,0.0,0.095,0.095,4.2299787816288505,0.2798213548230673
MCNNM,raw_vs_projected,1,20,20,0.05,0.2,-0.2,-0.27042465301190144,-0.2758907451858556,-0.07042465301190143,-0.07589074518585559,-0.005466092173954162,0.2872700939787977,0.2809480134366268,row,intermittent,clip_nonnegative,-0.5825714644442931,0.0,0.13,0.13,6.313072836579286,0.5825714644442931
MCNNM,raw_vs_projected,0,20,20,0.05,0.2,-0.2,-0.18862783284390133,-0.18862783284390133,0.011372167156098678,0.011372167156098678,0.0,0.17937328182318185,0.17937328182318185,staggered,dense,clip_nonnegative,0.2892615925896109,0.2892615925896109,0.0,0.0,0.0,-0.0
MCNNM,raw_vs_projected,1,20,20,0.05,0.2,-0.2,-0.24729451155636345,-0.24729451155636345,-0.04729451155636344,-0.04729451155636344,0.0,0.449530110966645,0.449530110966645,staggered,dense,clip_nonnegative,1.7437716401031618,1.7437716401031618,0.0,0.0,0.0,-0.0
MCNNM,raw_vs_projected,0,20,20,0.05,0.2,-0.2,-0.2473557008863486,-0.2850643636061811,-0.04735570088634858,-0.08506436360618108,-0.0377086627198325,0.495910347409931,0.4858894256321001,staggered,intermittent,clip_nonnegative,-0.5083052276974933,0.0,0.1425,0.1425,9.60938937610394,0.5083052276974933
MCNNM,raw_vs_projected,1,20,20,0.05,0.2,-0.2,-0.3874759699016359,-0.3996031045191423,-0.1874759699016359,-0.19960310451914232,-0.012127134617506419,0.39603440824895547,0.3914769946507964,staggered,intermittent,clip_nonnegative,-0.43668128057261096,0.0,0.115,0.115,6.507789364982111,0.43668128057261096
MCNNM,raw_vs_projected,0,20,20,0.05,0.2,0.2,0.19829025857459404,0.19829025857459404,-0.001709741425405975,-0.001709741425405975,0.0,0.8040803750277921,0.8040803750277921,block,dense,clip_nonnegative,1.1591024012518503,1.1591024012518503,0.0,0.0,0.0,-0.0
MCNNM,raw_vs_projected,1,20,20,0.05,0.2,0.2,0.2110624728254727,0.2110624728254727,0.01106247282547268,0.01106247282547268,0.0,0.504015937543649,0.504015937543649,block,dense,clip_nonnegative,2.013933624226447,2.013933624226447,0.0,0.0,0.0,-0.0
MCNNM,raw_vs_projected,0,20,20,0.05,0.2,0.2,0.13475354547016027,0.08690269481219894,-0.06524645452983974,-0.11309730518780108,-0.04785085065796134,0.4067378838670487,0.3960338350104509,block,intermittent,clip_nonnegative,-0.623976080141138,0.0,0.135,0.135,10.071228629314884,0.623976080141138
MCNNM,raw_vs_projected,1,20,20,0.05,0.2,0.2,0.25946001274545266,0.2262190156095728,0.05946001274545265,0.026219015609572793,-0.03324099713587986,0.2750803403490088,0.26460359382605,block,intermittent,clip_nonnegative,-0.5147325315741125,0.0,0.1525,0.1525,9.348985457779332,0.5147325315741125
MCNNM,raw_vs_projected,0,20,20,0.05,0.2,0.2,0.23281631125676533,0.23281631125676533,0.03281631125676532,0.03281631125676532,0.0,0.23735228659922825,0.23735228659922825,sparse,dense,clip_nonnegative,2.190134714936667,2.190134714936667,0.0,0.0,0.0,-0.0
MCNNM,raw_vs_projected,1,20,20,0.05,0.2,0.2,0.19467081120322025,0.19467081120322025,-0.005329188796779766,-0.005329188796779766,0.0,0.15825658094301992,0.15825658094301992,sparse,dense,clip_nonnegative,0.43874721509179526,0.43874721509179526,0.0,0.0,0.0,-0.0
MCNNM,raw_vs_projected,0,20,20,0.05,0.2,0.2,0.3084070094707433,0.29480888939423605,0.10840700947074328,0.09480888939423604,-0.013598120076507236,0.25772672162664695,0.25388149304816565,sparse,intermittent,clip_nonnegative,-0.26402261170840713,0.0,0.1325,0.1325,5.236687058354837,0.26402261170840713
MCNNM,raw_vs_projected,1,20,20,0.05,0.2,0.2,0.1762324607947597,0.14649717280998825,-0.0237675392052403,-0.05350282719001176,-0.029735287984771458,0.21294330196935407,0.20155081126150484,sparse,intermittent,clip_nonnegative,-0.4492203250228227,0.0,0.1525,0.1525,8.3590060120999,0.4492203250228227
MCNNM,raw_vs_projected,0,20,20,0.05,0.2,0.2,0.6467774610737017,0.6467774610737017,0.4467774610737017,0.4467774610737017,0.0,0.6798598441616075,0.6798598441616075,row,dense,clip_nonnegative,0.4413264816883329,0.4413264816883329,0.0,0.0,0.0,-0.0
MCNNM,raw_vs_projected,1,20,20,0.05,0.2,0.2,0.32571901799712366,0.32571901799712366,0.12571901799712365,0.12571901799712365,0.0,0.5340504791075235,0.5340504791075235,row,dense,clip_nonnegative,2.352949271477174,2.352949271477174,0.0,0.0,0.0,-0.0
MCNNM,raw_vs_projected,0,20,20,0.05,0.2,0.2,0.0998425666974864,0.06678522512120195,-0.10015743330251362,-0.13321477487879807,-0.03305734157628444,0.33792460925093065,0.3290697162913658,row,intermittent,clip_nonnegative,-0.6667433357004018,0.0,0.1325,0.1325,8.212647445530424,0.6667433357004018
MCNNM,raw_vs_projected,1,20,20,0.05,0.2,0.2,0.08505056506783468,0.07482073254354821,-0.11494943493216533,-0.1251792674564518,-0.01022983252428647,0.29473303336089113,0.29002360771118846,row,intermittent,clip_nonnegative,-0.4226830322823736,0.0,0.115,0.115,5.674666327899759,0.4226830322823736
MCNNM,raw_vs_projected,0,20,20,0.05,0.2,0.2,0.10640129216314073,0.10640129216314073,-0.09359870783685928,-0.09359870783685928,0.0,0.2691439160944741,0.2691439160944741,staggered,dense,clip_nonnegative,0.5096812888344413,0.5096812888344413,0.0,0.0,0.0,-0.0
MCNNM,raw_vs_projected,1,20,20,0.05,0.2,0.2,0.1915120312082206,0.1915120312082206,-0.008487968791779404,-0.008487968791779404,0.0,0.20134681358481904,0.20134681358481904,staggered,dense,clip_nonnegative,0.27801569682450333,0.27801569682450333,0.0,0.0,0.0,-0.0
MCNNM,raw_vs_projected,0,20,20,0.05,0.2,0.2,0.21815336022617082,0.2074964765200436,0.01815336022617081,0.0074964765200435934,-0.010656883706127218,0.4434797874750039,0.4386217343072621,staggered,intermittent,clip_nonnegative,-0.293461527000724,0.0,0.1275,0.1275,6.466240981066445,0.293461527000724
MCNNM,raw_vs_projected,1,20,20,0.05,0.2,0.2,0.3328051320298847,0.3078784494315675,0.1328051320298847,0.10787844943156749,-0.024926682598317207,0.37044566318062827,0.35976459777648334,staggered,intermittent,clip_nonnegative,-0.43385749311048766,0.0,0.1575,0.1575,9.517986833828623,0.43385749311048766
MCNNM,raw_vs_projected,0,20,20,1.0,0.05,-0.2,-0.20155513205355954,-0.20155513205355954,-0.0015551320535595325,-0.0015551320535595325,0.0,0.13660344049843667,0.13660344049843667,block,dense,clip_nonnegative,1.1330175838250396,1.1330175838250396,0.0,0.0,0.0,-0.0
MCNNM,raw_vs_projected,1,20,20,1.0,0.05,-0.2,-0.17088499887494119,-0.17088499887494119,0.029115001125058826,0.029115001125058826,0.0,0.1477190027583246,0.1477190027583246,block,dense,clip_nonnegative,1.3050980949998703,1.3050980949998703,0.0,0.0,0.0,-0.0
MCNNM,raw_vs_projected,0,20,20,1.0,0.05,-0.2,-0.25894092612023384,-0.2726288691471845,-0.05894092612023383,-0.07262886914718447,-0.013687943026950644,0.2774757714398965,0.27374314774435615,block,intermittent,clip_nonnegative,-0.5258762088112312,0.0,0.08,0.08,3.608255743303665,0.5258762088112312
MCNNM,raw_vs_projected,1,20,20,1.0,0.05,-0.2,-0.22148028658072172,-0.23241153501624218,-0.021480286580721708,-0.032411535016242166,-0.010931248435520458,0.3221247514195154,0.3183282140198195,block,intermittent,clip_nonnegative,-0.3638749033445004,0.0,0.095,0.095,4.845253354528026,0.3638749033445004
MCNNM,raw_vs_projected,0,20,20,1.0,0.05,-0.2,-0.18161528620932543,-0.18161528620932543,0.01838471379067458,0.01838471379067458,0.0,0.11977625629252084,0.11977625629252084,sparse,dense,clip_nonnegative,1.3664122188186743,1.3664122188186743,0.0,0.0,0.0,-0.0
MCNNM,raw_vs_projected,1,20,20,1.0,0.05,-0.2,-0.22231897087850327,-0.22231897087850327,-0.022318970878503264,-0.022318970878503264,0.0,0.08733331016089659,0.08733331016089659,sparse,dense,clip_nonnegative,1.2607642140332285,1.2607642140332285,0.0,0.0,0.0,-0.0
MCNNM,raw_vs_projected,0,20,20,1.0,0.05,-0.2,-0.17935050062929545,-0.20609455905249077,0.020649499370704566,-0.006094559052490761,-0.026744058423195327,0.21488177602286204,0.20668318120928927,sparse,intermittent,clip_nonnegative,-0.3625149367474911,0.0,0.1475,0.1475,7.096390674718618,0.3625149367474911
MCNNM,raw_vs_projected,1,20,20,1.0,0.05,-0.2,-0.17053292691115748,-0.19083421506827208,0.029467073088842527,0.009165784931727927,-0.0203012881571146,0.19290097681691357,0.1882532673367518,sparse,intermittent,clip_nonnegative,-0.25761157658945766,0.0,0.1575,0.1575,5.533262868582976,0.25761157658945766
MCNNM,raw_vs_projected,0,20,20,1.0,0.05,-0.2,-0.12777188546553156,-0.12777188546553156,0.07222811453446845,0.07222811453446845,0.0,0.5740015029951293,0.5740015029951293,row,dense,clip_nonnegative,1.4920897407632365,1.4920897407632365,0.0,0.0,0.0,-0.0
MCNNM,raw_vs_projected,1,20,20,1.0,0.05,-0.2,-0.1926567982380145,-0.1926567982380145,0.007343201761985524,0.007343201761985524,0.0,0.14686558253578305,0.14686558253578305,row,dense,clip_nonnegative,1.347299253643186,1.347299253643186,0.0,0.0,0.0,-0.0
MCNNM,raw_vs_projected,0,20,20,1.0,0.05,-0.2,-0.19485194094393476,-0.1966992964589872,0.005148059056065246,0.003300703541012806,-0.0018473555150524401,0.32216477919333086,0.32014986555928865,row,intermittent,clip_nonnegative,-0.24836087461335588,0.0,0.0925,0.0925,3.716043724160253,0.24836087461335588
MCNNM,raw_vs_projected,1,20,20,1.0,0.05,-0.2,-0.0585698519861339,-0.08709252125680697,0.1414301480138661,0.11290747874319304,-0.028522669270673068,0.2877661224493415,0.2820146708834943,row,intermittent,clip_nonnegative,-0.4260730290484811,0.0,0.125,0.125,5.9130606744109935,0.4260730290484811
MCNNM,raw_vs_projected,0,20,20,1.0,0.05,-0.2,-0.27365687474563094,-0.27365687474563094,-0.07365687474563093,-0.07365687474563093,0.0,0.3051411147167213,0.3051411147167213,staggered,dense,clip_nonnegative,1.1866734265507848,1.1866734265507848,0.0,0.0,0.0,-0.0
MCNNM,raw_vs_projected,1,20,20,1.0,0.05,-0.2,-0.18241135403808106,-0.18241135403808106,0.017588645961918947,0.017588645961918947,0.0,0.2542562568371374,0.2542562568371374,staggered,dense,clip_nonnegative,1.1392157379892964,1.1392157379892964,0.0,0.0,0.0,-0.0
MCNNM,raw_vs_projected,0,20,20,1.0,0.05,-0.2,-0.20041459436418674,-0.20648816526923222,-0.0004145943641867267,-0.00648816526923221,-0.006073570905045483,0.36926033422599663,0.36640846186422416,staggered,intermittent,clip_nonnegative,-0.3242928735475935,0.0,0.1225,0.1225,5.146637603589087,0.3242928735475935
MCNNM,raw_vs_projected,1,20,20,1.0,0.05,-0.2,-0.1636667368993221,-0.20028666266638823,0.036333263100677915,-0.00028666266638821547,-0.03661992576706613,0.30517861656834105,0.29649533541814665,staggered,intermittent,clip_nonnegative,-0.49974792908315546,0.0,0.1275,0.1275,8.126074862998244,0.49974792908315546
MCNNM,raw_vs_projected,0,20,20,1.0,0.05,0.2,0.17082302353040885,0.17082302353040885,-0.029176976469591165,-0.029176976469591165,0.0,0.43436477033202703,0.43436477033202703,block,dense,clip_nonnegative,1.2744243233762909,1.2744243233762909,0.0,0.0,0.0,-0.0
MCNNM,raw_vs_projected,1,20,20,1.0,0.05,0.2,0.22728287084886847,0.22728287084886847,0.027282870848868462,0.027282870848868462,0.0,0.1258569334492975,0.1258569334492975,block,dense,clip_nonnegative,1.2375240247733332,1.2375240247733332,0.0,0.0,0.0,-0.0
MCNNM,raw_vs_projected,0,20,20,1.0,0.05,0.2,0.309789185375801,0.2927292584786969,0.10978918537580101,0.0927292584786969,-0.017059926897104116,0.21893221882733602,0.21269541776918807,block,intermittent,clip_nonnegative,-0.4410443283474557,0.0,0.1175,0.1175,4.9762314101481,0.4410443283474557
MCNNM,raw_vs_projected,1,20,20,1.0,0.05,0.2,0.22133788697845155,0.22090317666455966,0.021337886978451542,0.020903176664559653,-0.0004347103138918895,0.35058613477948153,0.34844832155537553,block,intermittent,clip_nonnegative,-0.36337193111386723,0.0,0.11,0.11,3.765117364842584,0.36337193111386723
MCNNM,raw_vs_projected,0,20,20,1.0,0.05,0.2,0.22640051089369592,0.22640051089369592,0.02640051089369591,0.02640051089369591,0.0,0.11767325754397513,0.11767325754397513,sparse,dense,clip_nonnegative,1.3981332796095733,1.3981332796095733,0.0,0.0,0.0,-0.0
MCNNM,raw_vs_projected,1,20,20,1.0,0.05,0.2,0.1944861188770894,0.1944861188770894,-0.005513881122910624,-0.005513881122910624,0.0,0.09848857071760955,0.09848857071760955,sparse,dense,clip_nonnegative,1.411075829872555,1.411075829872555,0.0,0.0,0.0,-0.0
MCNNM,raw_vs_projected,0,20,20,1.0,0.05,0.2,0.105014935628537,0.08774150553442776,-0.09498506437146301,-0.11225849446557225,-0.01727343009410924,0.17581942598961228,0.16644202620859735,sparse,intermittent,clip_nonnegative,-0.543091935125542,0.0,0.1275,0.1275,5.5384362267928875,0.543091935125542
MCNNM,raw_vs_projected,1,20,20,1.0,0.05,0.2,0.1614397251415238,0.125053944104517,-0.03856027485847621,-0.074946055895483,-0.03638578103700679,0.1888276287428327,0.180379183518535,sparse,intermittent,clip_nonnegative,-0.7420567717953249,0.0,0.13,0.13,5.078454348085541,0.7420567717953249
MCNNM,raw_vs_projected,0,20,20,1.0,0.05,0.2,0.2669039115513022,0.2669039115513022,0.06690391155130221,0.06690391155130221,0.0,0.25354943580559813,0.25354943580559813,row,dense,clip_nonnegative,1.4780311255520244,1.4780311255520244,0.0,0.0,0.0,-0.0
MCNNM,raw_vs_projected,1,20,20,1.0,0.05,0.2,0.25947530083242204,0.25947530083242204,0.05947530083242203,0.05947530083242203,0.0,0.3447177987322723,0.3447177987322723,row,dense,clip_nonnegative,1.3179708241373151,1.3179708241373151,0.0,0.0,0.0,-0.0
MCNNM,raw_vs_projected,0,20,20,1.0,0.05,0.2,0.1111734065001459,0.08812684332629012,-0.08882659349985411,-0.1118731566737099,-0.023046563173855783,0.359507198084661,0.35506891142473906,row,intermittent,clip_nonnegative,-0.517340877771624,0.0,0.12,0.12,5.890801668488393,0.517340877771624
MCNNM,raw_vs_projected,1,20,20,1.0,0.05,0.2,0.07186618091453,0.0528795569865523,-0.12813381908547,-0.1471204430134477,-0.018986623927977696,0.2493306709997121,0.24485409793414362,row,intermittent,clip_nonnegative,-0.34543821687616916,0.0,0.1175,0.1175,4.815362175810284,0.34543821687616916
MCNNM,raw_vs_projected,0,20,20,1.0,0.05,0.2,0.31547190011739523,0.31547190011739523,0.11547190011739522,0.11547190011739522,0.0,0.4267399182982664,0.4267399182982664,staggered,dense,clip_nonnegative,1.3226484426949474,1.3226484426949474,0.0,0.0,0.0,-0.0
MCNNM,raw_vs_projected,1,20,20,1.0,0.05,0.2,-0.08028672700558705,-0.08028672700558705,-0.28028672700558704,-0.28028672700558704,0.0,0.45123354996200454,0.45123354996200454,staggered,dense,clip_nonnegative,1.4121328515789422,1.4121328515789422,0.0,0.0,0.0,-0.0
MCNNM,raw_vs_projected,0,20,20,1.0,0.05,0.2,0.27536234211231503,0.2491502671527664,0.07536234211231502,0.04915026715276638,-0.026212074959548637,0.2584589346394073,0.25123263858601796,staggered,intermittent,clip_nonnegative,-0.46723450692317453,0.0,0.13,0.13,6.795107407318129,0.46723450692317453
MCNNM,raw_vs_projected,1,20,20,1.0,0.05,0.2,0.33602243049781816,0.32684060514690966,0.13602243049781815,0.12684060514690965,-0.009181825350908501,0.35667368237620656,0.3541104856916331,staggered,intermittent,clip_nonnegative,-0.39980730870370346,0.0,0.12,0.12,4.423240622946446,0.39980730870370346
MCNNM,raw_vs_projected,0,20,20,1.0,0.2,-0.2,-0.14508891542613284,-0.14508891542613284,0.054911084573867175,0.054911084573867175,0.0,0.3500034326263187,0.3500034326263187,block,dense,clip_nonnegative,2.4014437956901746,2.4014437956901746,0.0,0.0,0.0,-0.0
MCNNM,raw_vs_projected,1,20,20,1.0,0.2,-0.2,-0.37380886972750316,-0.37380886972750316,-0.17380886972750315,-0.17380886972750315,0.0,0.3119245721068124,0.3119245721068124,block,dense,clip_nonnegative,1.4414088817280595,1.4414088817280595,0.0,0.0,0.0,-0.0
MCNNM,raw_vs_projected,0,20,20,1.0,0.2,-0.2,-0.01185813240303558,-0.016920665509163026,0.18814186759696444,0.183079334490837,-0.005062533106127446,0.45615275816096085,0.4537000502720655,block,intermittent,clip_nonnegative,-0.30751890338649424,0.0,0.1,0.1,4.979871041620669,0.30751890338649424
MCNNM,raw_vs_projected,1,20,20,1.0,0.2,-0.2,-0.19760517928899582,-0.22996106101456784,0.002394820711004192,-0.02996106101456783,-0.03235588172557202,0.26371885727369065,0.25573617179792785,block,intermittent,clip_nonnegative,-0.4786135062850601,0.0,0.15,0.15,7.772046192471619,0.4786135062850601
MCNNM,raw_vs_projected,0,20,20,1.0,0.2,-0.2,-0.21071139025186972,-0.21071139025186972,-0.010711390251869707,-0.010711390251869707,0.0,0.15602092277520377,0.15602092277520377,sparse,dense,clip_nonnegative,1.3813737772796044,1.3813737772796044,0.0,0.0,0.0,-0.0
MCNNM,raw_vs_projected,1,20,20,1.0,0.2,-0.2,-0.18699165843116192,-0.18699165843116192,0.013008341568838094,0.013008341568838094,0.0,0.14760810407548614,0.14760810407548614,sparse,dense,clip_nonnegative,1.1896211506287049,1.1896211506287049,0.0,0.0,0.0,-0.0
MCNNM,raw_vs_projected,0,20,20,1.0,0.2,-0.2,-0.2267748407033921,-0.24270547634585665,-0.02677484070339209,-0.04270547634585664,-0.015930635642464552,0.30006453711171843,0.2944969527092855,sparse,intermittent,clip_nonnegative,-0.31315218081655993,0.0,0.1425,0.1425,6.850039356181219,0.31315218081655993
MCNNM,raw_vs_projected,1,20,20,1.0,0.2,-0.2,-0.16075194663141404,-0.1709474401974368,0.03924805336858597,0.029052559802563216,-0.010195493566022756,0.25108626307929793,0.24635979518369752,sparse,intermittent,clip_nonnegative,-0.364250856364819,0.0,0.1275,0.1275,5.8301425610042035,0.364250856364819
MCNNM,raw_vs_projected,0,20,20,1.0,0.2,-0.2,-0.19344703378677214,-0.19344703378677214,0.006552966213227873,0.006552966213227873,0.0,0.40304357373791144,0.40304357373791144,row,dense,clip_nonnegative,1.5879128878613322,1.5879128878613322,0.0,0.0,0.0,-0.0
MCNNM,raw_vs_projected,1,20,20,1.0,0.2,-0.2,-0.294591721889957,-0.294591721889957,-0.09459172188995701,-0.09459172188995701,0.0,0.5096377826056154,0.5096377826056154,row,dense,clip_nonnegative,1.4660325279903308,1.4660325279903308,0.0,0.0,0.0,-0.0
MCNNM,raw_vs_projected,0,20,20,1.0,0.2,-0.2,-0.41369450701884036,-0.41471457364308584,-0.21369450701884035,-0.21471457364308583,-0.0010200666242454748,0.4073362456353438,0.40554382050469284,row,intermittent,clip_nonnegative,-0.37455867699468426,0.0,0.0925,0.0925,3.7635699100152435,0.37455867699468426
MCNNM,raw_vs_projected,1,20,20,1.0,0.2,-0.2,-0.12151305188425975,-0.1268808674176828,0.07848694811574027,0.0731191325823172,-0.005367815533423068,0.32253863578840003,0.3182012239042037,row,intermittent,clip_nonnegative,-0.5349707740211602,0.0,0.135,0.135,5.518382873615156,0.5349707740211602
MCNNM,raw_vs_projected,0,20,20,1.0,0.2,-0.2,-0.2626580334437208,-0.2626580334437208,-0.06265803344372078,-0.06265803344372078,0.0,0.2820346402090357,0.2820346402090357,staggered,dense,clip_nonnegative,1.9246413461140603,1.9246413461140603,0.0,0.0,0.0,-0.0
MCNNM,raw_vs_projected,1,20,20,1.0,0.2,-0.2,-0.22810756139686972,-0.22810756139686972,-0.028107561396869707,-0.028107561396869707,0.0,0.3538433018444251,0.3538433018444251,staggered,dense,clip_nonnegative,1.0099410760554055,1.0099410760554055,0.0,0.0,0.0,-0.0
MCNNM,raw_vs_projected,0,20,20,1.0,0.2,-0.2,-0.04891865014969557,-0.055336096822081224,0.15108134985030444,0.14466390317791877,-0.006417446672385654,0.5131765867195832,0.5109627925774173,staggered,intermittent,clip_nonnegative,-0.39843361775996766,0.0,0.1025,0.1025,4.478404266159018,0.39843361775996766
MCNNM,raw_vs_projected,1,20,20,1.0,0.2,-0.2,-0.5779641035025389,-0.5862272822276983,-0.3779641035025389,-0.38622728222769825,-0.00826317872515936,0.498126401665815,0.49692808591642534,staggered,intermittent,clip_nonnegative,-0.314991806064213,0.0,0.085,0.085,3.1761650938376444,0.314991806064213
MCNNM,raw_vs_projected,0,20,20,1.0,0.2,0.2,0.2532206144829939,0.2532206144829939,0.05322061448299387,0.05322061448299387,0.0,0.15633358398981934,0.15633358398981934,block,dense,clip_nonnegative,1.4366848929665732,1.4366848929665732,0.0,0.0,0.0,-0.0
MCNNM,raw_vs_projected,1,20,20,1.0,0.2,0.2,-0.2418164587650016,-0.2418164587650016,-0.44181645876500164,-0.44181645876500164,0.0,0.5987750311987331,0.5987750311987331,block,dense,clip_nonnegative,1.3997332563078544,1.3997332563078544,0.0,0.0,0.0,-0.0
MCNNM,raw_vs_projected,0,20,20,1.0,0.2,0.2,0.10774343507711731,0.10774343507711731,-0.0922565649228827,-0.0922565649228827,0.0,0.32815244128459375,0.32408462137373606,block,intermittent,clip_nonnegative,-0.38305766223654014,0.0,0.1025,0.1025,5.5711233605631705,0.38305766223654014
MCNNM,raw_vs_projected,1,20,20,1.0,0.2,0.2,0.00343330818924392,-0.015268998814765613,-0.1965666918107561,-0.21526899881476563,-0.018702307004009534,0.40582338351247,0.4003412680185781,block,intermittent,clip_nonnegative,-0.4672497625650316,0.0,0.125,0.125,7.349155509363335,0.4672497625650316
MCNNM,raw_vs_projected,0,20,20,1.0,0.2,0.2,0.21677479512227657,0.21677479512227657,0.01677479512227656,0.01677479512227656,0.0,0.13833062535033544,0.13833062535033544,sparse,dense,clip_nonnegative,1.252522684334549,1.252522684334549,0.0,0.0,0.0,-0.0
MCNNM,raw_vs_projected,1,20,20,1.0,0.2,0.2,0.20101743818407083,0.20101743818407083,0.0010174381840708235,0.0010174381840708235,0.0,0.16937007415035507,0.16937007415035507,sparse,dense,clip_nonnegative,1.1751454057715867,1.1751454057715867,0.0,0.0,0.0,-0.0
MCNNM,raw_vs_projected,0,20,20,1.0,0.2,0.2,0.19476240573941564,0.16514849112116947,-0.005237594260584372,-0.03485150887883054,-0.029613914618246168,0.27992398916098327,0.2722053668790982,sparse,intermittent,clip_nonnegative,-0.45036235219604004,0.0,0.1375,0.1375,7.663540336405758,0.45036235219604004
MCNNM,raw_vs_projected,1,20,20,1.0,0.2,0.2,0.2750256970203065,0.26502518312248347,0.07502569702030648,0.06502518312248345,-0.010000513897823027,0.2844527715708214,0.27896643817682587,sparse,intermittent,clip_nonnegative,-0.40495609640571173,0.0,0.145,0.145,6.62480464633243,0.40495609640571173
MCNNM,raw_vs_projected,0,20,20,1.0,0.2,0.2,0.17737611852083848,0.17737611852083848,-0.02262388147916153,-0.02262388147916153,0.0,0.3813421526705867,0.3813421526705867,row,dense,clip_nonnegative,1.4742685200091565,1.4742685200091565,0.0,0.0,0.0,-0.0
MCNNM,raw_vs_projected,1,20,20,1.0,0.2,0.2,0.36324907128155787,0.36324907128155787,0.16324907128155786,0.16324907128155786,0.0,0.4851862913372615,0.4851862913372615,row,dense,clip_nonnegative,1.2408124103770009,1.2408124103770009,0.0,0.0,0.0,-0.0
MCNNM,raw_vs_projected,0,20,20,1.0,0.2,0.2,0.14705125467341168,0.13250682789043589,-0.05294874532658833,-0.06749317210956413,-0.014544426782975794,0.3873546343555541,0.37972937113046024,row,intermittent,clip_nonnegative,-0.5729599044400057,0.0,0.1575,0.1575,9.307862656678596,0.5729599044400057
MCNNM,raw_vs_projected,1,20,20,1.0,0.2,0.2,0.336342527699992,0.3140725992839615,0.136342527699992,0.11407259928396146,-0.022269928416030538,0.6408979643656776,0.6371842112205052,row,intermittent,clip_nonnegative,-0.5986908694480639,0.0,0.1225,0.1225,7.113682911869361,0.5986908694480639
MCNNM,raw_vs_projected,0,20,20,1.0,0.2,0.2,0.26355503534246283,0.26355503534246283,0.06355503534246282,0.06355503534246282,0.0,0.26781616020381277,0.26781616020381277,staggered,dense,clip_nonnegative,1.4476232254643717,1.4476232254643717,0.0,0.0,0.0,-0.0
MCNNM,raw_vs_projected,1,20,20,1.0,0.2,0.2,0.19994726135008262,0.19994726135008262,-5.27386499173943e-05,-5.27386499173943e-05,0.0,0.571085304260947,0.571085304260947,staggered,dense,clip_nonnegative,0.944607991915662,0.944607991915662,0.0,0.0,0.0,-0.0
MCNNM,raw_vs_projected,0,20,20,1.0,0.2,0.2,0.05121664313744179,0.03750409583645021,-0.14878335686255822,-0.1624959041635498,-0.013712547300991584,0.38630746382764414,0.38168187511850127,staggered,intermittent,clip_nonnegative,-0.37566435618218974,0.0,0.14,0.14,6.898390668260262,0.37566435618218974
MCNNM,raw_vs_projected,1,20,20,1.0,0.2,0.2,0.2825220329696813,0.19701383983256668,0.0825220329696813,-0.0029861601674333327,-0.08550819313711464,0.38721983918237285,0.36082416373586373,staggered,intermittent,clip_nonnegative,-0.991706151218234,0.0,0.155,0.155,15.140300859304308,0.991706151218234
